  Establishment Id,,:,QWERTQWERTQWERTQWERTQWERTQWER,,,Office Name,,:,,,Office Code,,:,,,,, Region Code,,:,
Member id,Member Name,,,International Worker,Mobile ,,Email Id,,Father's / Husband's Nmae,Relationship With the member,,Date Of Birth,,Gender,DOJ EPF,DOJ EPS,Date of Exit EPF,,Date of Exit EPS,,Reason for Leaving
11313,Ravi sharma,,,,213131,,mk@gm-ail.com,,dmakdk,father,,01-01-1987,,MALE,01-01-2015,01-01-2015,15-01-2016,,15-01-2016,,
321,JAKIR HEUSAIN,,,,123456,,H@ess.com,,MR HEUSAIN,Father,,01-06-1947,,MALE,01-01-2015,01-01-2015,,,,,
345678,Vishal,,,,342869,,dafgkhjh@gmail.com,,ghjh,,,01-01-1970,,MALE,01-01-2015,01-01-2015,,,,,
3124,RAJIVE,,,,131424,,r@kj-in.com,,RAJIVE,Father,,01-01-1987,,MALE,01-01-2015,01-01-2015,06-12-2015,,06-12-2015,,
6789,DENIM TEST 2,,,,,,QBC@GHD.COM,,JGFXGG,,,01-05-1987,,MALE,01-01-2015,01-01-2015,,,,,
001EMP,test employee,,,,9856132,,email@klsnf.com,,testFather,,,06-08-1991,,MALE,01-01-2015,01-01-2015,,,,,
1234,Alex Smith,,,,123455,,alex@ess.com,,alex,Father,,01-05-1987,,MALE,01-01-2015,01-01-2015,16-08-2015,,16-08-2015,,
12345,JARA,,,,1,,JARA@ESS.COM,,HAYAT,FATEHR,,01-05-1990,,FEMAL,01-01-2015,01-01-2015,,,,,
1123,NEW TEST EO EMP,,,,2131141414,,a@gm.com,,ALEX,father,,01-01-1989,,MALE,01-01-2015,01-01-2015,,,,,
13245,Danim test,,,,,,ABC@GMAIL.CCOM,,ASX,,,01-01-1987,,MALE,01-01-2015,01-01-2015,,,,,
